SNR,LS
-15,31.573563593160245
-10,9.97901971570133
-5,3.1551823664319225
0,0.9980512074354716
5,0.31562519473008027
10,0.09975608386955971
15,0.031559148210383005
20,0.00998061672534143
